movie_id,title,release_date,year,run_time,votes
19995,Avatar,12/10/2009,2009,162,7.2
285,Pirates of the Caribbean At World s End,5/19/2007,2007,169,6.9
206647,Spectre,10/26/2015,2015,148,6.3
49026,The Dark Knight Rises,7/16/2012,2012,165,7.6
49529,John Carter,3/7/2012,2012,132,6.1
559,Spider Man 3,5/1/2007,2007,139,5.9
38757,Tangled,11/24/2010,2010,100,7.4
99861,Avengers Age of Ultron,4/22/2015,2015,141,7.3
767,Harry Potter and the Half Blood Prince,7/7/2009,2009,153,7.4
209112,Batman v Superman Dawn of Justice,3/23/2016,2016,151,5.7
1452,Superman Returns,6/28/2006,2006,154,5.4
10764,Quantum of Solace,10/30/2008,2008,106,6.1
58,Pirates of the Caribbean Dead Man s Chest,6/20/2006,2006,151,7
57201,The Lone Ranger,7/3/2013,2013,149,5.9
49521,Man of Steel,6/12/2013,2013,143,6.5
2454,The Chronicles of Narnia Prince Caspian,5/15/2008,2008,150,6.3
24428,The Avengers,4/25/2012,2012,143,7.4
1865,Pirates of the Caribbean On Stranger Tides,5/14/2011,2011,136,6.4
41154,Men in Black 3,5/23/2012,2012,106,6.2
122917,The Hobbit The Battle of the Five Armies,12/10/2014,2014,144,7.1
1930,The Amazing Spider Man,6/27/2012,2012,136,6.5
20662,Robin Hood,5/12/2010,2010,140,6.2
57158,The Hobbit The Desolation of Smaug,12/11/2013,2013,161,7.6
2268,The Golden Compass,12/4/2007,2007,113,5.8
254,King Kong,12/14/2005,2005,187,6.6
597,Titanic,11/18/1997,1997,194,7.5
271110,Captain America Civil War,4/27/2016,2016,147,7.1
44833,Battleship,4/11/2012,2012,131,5.5
135397,Jurassic World,6/9/2015,2015,124,6.5
37724,Skyfall,10/25/2012,2012,143,6.9
558,Spider Man 2,6/25/2004,2004,127,6.7
68721,Iron Man 3,4/18/2013,2013,130,6.8
12155,Alice in Wonderland,3/3/2010,2010,108,6.4
36668,X Men The Last Stand,5/24/2006,2006,104,6.3
62211,Monsters University,6/20/2013,2013,104,7
8373,Transformers Revenge of the Fallen,6/19/2009,2009,150,6
91314,Transformers Age of Extinction,6/25/2014,2014,165,5.8
68728,Oz The Great and Powerful,3/7/2013,2013,130,5.7
102382,The Amazing Spider Man 2,4/16/2014,2014,142,6.5
20526,TRON Legacy,12/10/2010,2010,125,6.3
49013,Cars 2,6/11/2011,2011,106,5.8
44912,Green Lantern,6/16/2011,2011,114,5.1
10193,Toy Story 3,6/16/2010,2010,103,7.6
534,Terminator Salvation,5/20/2009,2009,115,5.9
168259,Furious 7,4/1/2015,2015,137,7.3
72190,World War Z,6/20/2013,2013,116,6.7
127585,X Men Days of Future Past,5/15/2014,2014,131,7.5
54138,Star Trek Into Darkness,5/5/2013,2013,132,7.4
81005,Jack the Giant Slayer,2/27/2013,2013,114,5.5
64682,The Great Gatsby,5/10/2013,2013,143,7.3
9543,Prince of Persia The Sands of Time,5/19/2010,2010,116,6.2
68726,Pacific Rim,7/11/2013,2013,131,6.7
38356,Transformers Dark of the Moon,6/28/2011,2011,154,6.1
217,Indiana Jones and the Kingdom of the Crystal Skull,5/21/2008,2008,122,5.7
105864,The Good Dinosaur,11/14/2015,2015,93,6.6
62177,Brave,6/21/2012,2012,93,6.7
188927,Star Trek Beyond,7/7/2016,2016,122,6.6
10681,WALL E,6/22/2008,2008,98,7.8
5174,Rush Hour 3,8/8/2007,2007,91,6.1
14161,2012,10/10/2009,2009,158,5.6
17979,A Christmas Carol,11/4/2009,2009,96,6.6
76757,Jupiter Ascending,2/4/2015,2015,124,5.2
258489,The Legend of Tarzan,6/29/2016,2016,109,5.5
411,The Chronicles of Narnia The Lion the Witch and the Wardrobe,12/7/2005,2005,143,6.7
246655,X Men Apocalypse,5/18/2016,2016,144,6.4
155,The Dark Knight,7/16/2008,2008,152,8.2
14160,Up,5/13/2009,2009,96,7.7
15512,Monsters vs Aliens,3/19/2009,2009,94,6
1726,Iron Man,4/30/2008,2008,126,7.4
44826,Hugo,11/22/2011,2011,126,7
8487,Wild Wild West,6/29/1999,1999,106,5.1
1735,The Mummy Tomb of the Dragon Emperor,7/1/2008,2008,112,5.2
297761,Suicide Squad,8/2/2016,2016,123,5.9
2698,Evan Almighty,6/9/2007,2007,96,5.3
137113,Edge of Tomorrow,5/27/2014,2014,113,7.6
9804,Waterworld,7/28/1995,1995,135,5.9
14869,G I  Joe The Rise of Cobra,8/4/2009,2009,118,5.6
150540,Inside Out,6/9/2015,2015,94,8
278927,The Jungle Book,4/7/2016,2016,106,6.7
10138,Iron Man 2,4/28/2010,2010,124,6.6
58595,Snow White and the Huntsman,5/30/2012,2012,127,5.8
102651,Maleficent,5/28/2014,2014,97,7
119450,Dawn of the Planet of the Apes,6/26/2014,2014,130,7.3
79698,The Lovers,2/13/2015,2015,109,4.8
64686,47 Ronin,12/6/2013,2013,119,5.9
100402,Captain America The Winter Soldier,3/20/2014,2014,136,7.6
10192,Shrek Forever After,5/16/2010,2010,93,6
158852,Tomorrowland,5/19/2015,2015,130,6.2
177572,Big Hero 6,10/24/2014,2014,102,7.8
82690,Wreck It Ralph,11/1/2012,2012,108,7.1
5255,The Polar Express,11/10/2004,2004,100,6.4
47933,Independence Day Resurgence,6/22/2016,2016,120,4.9
10191,How to Train Your Dragon,3/5/2010,2010,98,7.5
296,Terminator 3 Rise of the Machines,7/2/2003,2003,109,5.9
118340,Guardians of the Galaxy,7/30/2014,2014,121,7.9
157336,Interstellar,11/5/2014,2014,169,8.1
27205,Inception,7/14/2010,2010,148,8.1
315011,Shin Godzilla,7/29/2016,2016,120,6.5
49051,The Hobbit An Unexpected Journey,11/26/2012,2012,169,7
9799,The Fast and the Furious,6/22/2001,2001,106,6.6
4922,The Curious Case of Benjamin Button,11/24/2008,2008,166,7.3
49538,X Men First Class,5/24/2011,2011,132,7.1
131634,The Hunger Games Mockingjay Part 2,11/18/2015,2015,137,6.6
27022,The Sorcerer s Apprentice,7/13/2010,2010,109,5.8
503,Poseidon,5/12/2006,2006,99,5.5
241259,Alice Through the Looking Glass,5/25/2016,2016,113,6.5
810,Shrek the Third,5/17/2007,2007,93,6
68735,Warcraft,5/25/2016,2016,123,6.3
87101,Terminator Genisys,6/23/2015,2015,126,5.8
10140,The Chronicles of Narnia The Voyage of the Dawn Treader,8/13/2010,2010,113,6.2
676,Pearl Harbor,5/21/2001,2001,183,6.6
1858,Transformers,6/27/2007,2007,144,6.6
1966,Alexander,11/21/2004,2004,175,5.6
675,Harry Potter and the Order of the Phoenix,6/28/2007,2007,138,7.4
674,Harry Potter and the Goblet of Fire,11/5/2005,2005,157,7.5
8960,Hancock,7/1/2008,2008,92,6.2
6479,I Am Legend,12/14/2007,2007,101,6.9
118,Charlie and the Chocolate Factory,7/13/2005,2005,115,6.7
2062,Ratatouille,6/22/2007,2007,111,7.5
272,Batman Begins,6/10/2005,2005,140,7.5
10527,Madagascar Escape 2 Africa,10/30/2008,2008,89,6.2
18360,Night at the Museum Battle of the Smithsonian,5/20/2009,2009,105,5.9
2080,X Men Origins Wolverine,4/28/2009,2009,107,6.2
605,The Matrix Revolutions,11/5/2003,2003,129,6.4
109445,Frozen,11/27/2013,2013,102,7.3
604,The Matrix Reloaded,5/15/2003,2003,138,6.7
76338,Thor The Dark World,10/29/2013,2013,112,6.8
76341,Mad Max Fury Road,5/13/2015,2015,120,7.2
13448,Angels  and Demons,5/13/2009,2009,138,6.5
10195,Thor,4/21/2011,2011,115,6.6
13053,Bolt,11/21/2008,2008,98,6.3
19585,G Force,7/21/2009,2009,88,5.1
57165,Wrath of the Titans,3/27/2012,2012,99,5.5
62213,Dark Shadows,5/8/2012,2012,113,5.7
177677,Mission Impossible   Rogue Nation,7/23/2015,2015,131,7.1
7978,The Wolfman,2/11/2010,2010,102,5.5
5559,Bee Movie,10/28/2007,2007,91,5.7
49444,Kung Fu Panda 2,5/25/2011,2011,91,6.7
10196,The Last Airbender,6/30/2010,2010,103,4.7
956,Mission Impossible III,5/3/2006,2006,126,6.5
117251,White House Down,6/27/2013,2013,131,6.4
50321,Mars Needs Moms,3/9/2011,2011,88,5.5
11619,Flushed Away,10/22/2006,2006,85,6
266647,Pan,9/24/2015,2015,111,5.9
82703,Mr  Peabody  and Sherman,2/7/2014,2014,92,6.7
652,Troy,5/13/2004,2004,163,6.9
80321,Madagascar 3 Europe s Most Wanted,6/6/2012,2012,93,6.4
36669,Die Another Day,11/17/2002,2002,133,5.8
43074,Ghostbusters,7/14/2016,2016,116,5.3
95,Armageddon,7/1/1998,1998,151,6.4
608,Men in Black II,7/3/2002,2002,88,6
2310,Beowulf,11/5/2007,2007,115,5.5
140300,Kung Fu Panda 3,1/23/2016,2016,95,6.7
56292,Mission Impossible Ghost Protocol,12/7/2011,2011,133,6.8
81188,Rise of the Guardians,11/21/2012,2012,97,7.1
7552,Fun with Dick and Jane,12/21/2005,2005,90,5.9
616,The Last Samurai,12/5/2003,2003,154,7.3
147441,Exodus Gods and Kings,12/3/2014,2014,150,5.6
13475,Star Trek,5/6/2009,2009,127,7.4
557,Spider Man,5/1/2002,2002,121,6.8
82702,How to Train Your Dragon 2,6/12/2014,2014,102,7.6
205584,Gods of Egypt,2/25/2016,2016,127,5.3
10048,Stealth,7/28/2005,2005,121,4.9
13183,Watchmen,3/5/2009,2009,163,7
944,Lethal Weapon 4,7/10/1998,1998,127,6.3
1927,Hulk,6/19/2003,2003,138,5.3
72559,G I  Joe Retaliation,3/26/2013,2013,110,5.4
7364,Sahara,4/6/2005,2005,124,5.7
2114,Final Fantasy The Spirits Within,7/2/2001,2001,106,5.9
1771,Captain America The First Avenger,7/22/2011,2011,124,6.6
36643,The World Is Not Enough,11/8/1999,1999,128,6
8619,Master and Commander The Far Side of the World,11/14/2003,2003,138,6.9
50620,The Twilight Saga Breaking Dawn Part 2,11/13/2012,2012,115,6.1
65759,Happy Feet Two,11/17/2011,2011,100,5.8
1724,The Incredible Hulk,6/12/2008,2008,114,6.1
267935,The BFG,6/1/2016,2016,120,6
281957,The Revenant,12/25/2015,2015,156,7.3
77950,Turbo,7/11/2013,2013,96,6.1
44896,Rango,3/2/2011,2011,107,6.6
270946,Penguins of Madagascar,11/22/2014,2014,92,6.5
2503,The Bourne Ultimatum,8/3/2007,2007,115,7.3
9502,Kung Fu Panda,6/4/2008,2008,90,6.9
102899,Ant Man,7/14/2015,2015,117,7
101299,The Hunger Games Catching Fire,11/15/2013,2013,146,7.4
228161,Home,3/18/2015,2015,94,6.8
74,War of the Worlds,6/28/2005,2005,116,6.2
8961,Bad Boys II,7/18/2003,2003,147,6.3
417859,Puss in Boots,10/28/2011,2011,90,6.4
27576,Salt,7/21/2010,2010,100,6.2
86834,Noah,3/20/2014,2014,139,5.6
17578,The Adventures of Tintin,10/25/2011,2011,107,6.7
673,Harry Potter and the Prisoner of Azkaban,5/31/2004,2004,141,7.7
6972,Australia,11/18/2008,2008,165,6.3
82700,After Earth,5/30/2013,2013,100,5
10567,Dinosaur,5/19/2000,2000,82,6.2
181533,Night at the Museum Secret of the Tomb,12/17/2014,2014,97,6.1
38055,Megamind,10/28/2010,2010,95,6.7
671,Harry Potter and the Philosopher s Stone,11/16/2001,2001,152,7.5
49524,R I P D ,7/18/2013,2013,96,5.4
22,Pirates of the Caribbean The Curse of the Black Pearl,7/9/2003,2003,143,7.5
131631,The Hunger Games Mockingjay Part 1,11/18/2014,2014,123,6.6
591,The Da Vinci Code,5/17/2006,2006,149,6.5
172385,Rio 2,3/19/2014,2014,102,6.3
36658,X2,4/24/2003,2003,133,6.8
51497,Fast Five,4/20/2011,2011,130,7.1
58574,Sherlock Holmes A Game of Shadows,11/22/2011,2011,129,7
18823,Clash of the Titans,4/1/2010,2010,106,5.6
861,Total Recall,6/1/1990,1990,113,7.1
1911,The 13th Warrior,8/27/1999,1999,102,6.4
49040,The Bourne Legacy,8/8/2012,2012,120,6
415,Batman  and Robin,6/20/1997,1997,125,4.2
8871,How the Grinch Stole Christmas,11/17/2000,2000,104,6.2
435,The Day After Tomorrow,5/26/2004,2004,124,6.2
955,Mission Impossible II,5/24/2000,2000,123,5.9
2133,The Perfect Storm,3/15/2000,2000,130,6.2
1979,4 Rise of the Silver Surfer,6/13/2007,2007,92,5.4
87827,Life of Pi,11/20/2012,2012,127,7.2
1250,Ghost Rider,2/16/2007,2007,114,5.2
324668,Jason Bourne,7/27/2016,2016,123,5.9
9471,Charlie s Angels Full Throttle,6/27/2003,2003,106,5.2
70981,Prometheus,5/30/2012,2012,124,6.3
10996,Stuart Little 2,7/19/2002,2002,78,5.4
68724,Elysium,8/7/2013,2013,109,6.4
2789,The Chronicles of Riddick,6/11/2004,2004,119,6.3
97020,RoboCop,1/30/2014,2014,102,5.7
7459,Speed Racer,5/9/2008,2008,135,5.7
42888,How Do You Know,12/17/2010,2010,121,4.9
37834,Knight and Day,6/15/2010,2010,109,5.9
75612,Oblivion,4/10/2013,2013,124,6.4
1895,Star Wars Episode III Revenge of the Sith,5/17/2005,2005,140,7.1
1894,Star Wars Episode II Attack of the Clones,5/15/2002,2002,142,6.4
585,Monsters  Inc ,11/1/2001,2001,92,7.5
76170,The Wolverine,7/23/2013,2013,126,6.3
1893,Star Wars Episode I The Phantom Menace,5/19/1999,1999,136,6.3
49519,The Croods,3/20/2013,2013,98,6.8
2395,asterix aux jeux olympiques ,1/13/2008,2008,116,5
12100,Windtalkers,6/14/2002,2002,134,5.8
290595,The Huntsman Winter s War,4/6/2016,2016,114,6
98566,Teenage Mutant Ninja Turtles,8/7/2014,2014,101,5.8
49047,Gravity,9/27/2013,2013,91,7.3
9619,Dante s Peak,2/7/1997,1997,108,5.7
308531,Teenage Mutant Ninja Turtles Out of the Shadows,6/1/2016,2016,112,5.8
166424,Fantastic Four,8/5/2015,2015,100,4.4
1593,Night at the Museum,10/20/2006,2006,108,6.3
254128,San Andreas,5/27/2015,2015,114,6
714,Tomorrow Never Dies,12/11/1997,1997,119,6
2024,The Patriot,6/28/2000,2000,165,6.8
163,Ocean s Twelve,12/9/2004,2004,125,6.4
787,Mr and Mrs  Smith,6/7/2005,2005,120,6.5
262500,Insurgent,3/18/2015,2015,119,6.2
2567,The Aviator,12/17/2004,2004,170,7
38745,Gullivers Travels,12/25/2010,2010,85,4.9
40805,The Green Hornet,1/12/2011,2011,119,5.5
53182,300 Rise of an Empire,3/5/2014,2014,102,6.1
41513,The Smurfs,7/29/2011,2011,103,5.5
13700,Home on the Range,4/2/2004,2004,76,5.7
262504,Allegiant,3/9/2016,2016,121,5.9
39254,Real Steel,9/28/2011,2011,127,6.6
77931,The Smurfs 2,7/30/2013,2013,105,5.5
1639,Speed 2 Cruise Control,6/13/1997,1997,121,4.1
80274,Enders Game,10/23/2013,2013,114,6.6
1571,Live Free or Die Hard,6/20/2007,2007,128,6.4
120,The Lord of the Rings The Fellowship of the Ring,12/18/2001,2001,178,8
10204,Around the World in 80 Days,6/16/2004,2004,120,5.7
8489,Ali,12/11/2001,2001,157,6.7
10588,The Cat in the Hat,11/21/2003,2003,82,4.9
2048,I  Robot,7/15/2004,2004,115,6.7
1495,Kingdom of Heaven,5/3/2005,2005,144,6.6
10137,Stuart Little,12/17/1999,1999,84,5.8
10198,The Princess and the Frog,12/8/2009,2009,97,6.7
286217,The Martian,9/30/2015,2015,141,7.6
1635,The Island,7/20/2005,2005,136,6.5
24113,Town  and Country,4/27/2001,2001,104,3.7
9679,Gone in Sixty Seconds,6/9/2000,2000,118,6.1
98,Gladiator,5/1/2000,2000,155,7.9
180,Minority Report,6/20/2002,2002,145,7.1
672,Harry Potter and the Chamber of Secrets,11/13/2002,2002,161,7.4
36557,Casino Royale,11/14/2006,2006,144,7.3
869,Planet of the Apes,7/25/2001,2001,119,5.6
280,Terminator 2 Judgment Day,7/1/1991,1991,137,7.7
11322,Public Enemies,7/1/2009,2009,140,6.5
4982,American Gangster,11/2/2007,2007,157,7.4
36955,True Lies,7/14/1994,1994,141,6.8
18487,The Taking of Pelham 1 2 3,6/11/2009,2009,106,6.2
39451,Little Fockers,12/21/2010,2010,98,5.4
27581,The Other Guys,8/6/2010,2010,107,6.1
9268,Eraser,6/21/1996,1996,115,5.6
68718,Django Unchained,12/25/2012,2012,165,7.8
10545,The Hunchback of Notre Dame,6/21/1996,1996,91,6.8
11688,The Emperor s New Groove,12/9/2000,2000,78,7.2
76163,The Expendables 2,8/8/2012,2012,103,6.1
2059,National Treasure,11/19/2004,2004,131,6.4
2486,Eragon,12/14/2006,2006,104,4.9
16523,Where the Wild Things Are,10/16/2009,2009,101,6.4
116711,Epic,5/15/2013,2013,102,6.4
37710,The Tourist,12/8/2010,2010,103,6
9946,End of Days,11/24/1999,1999,121,5.5
1372,Blood Diamond,12/7/2006,2006,143,7.3
106646,The Wolf of Wall Street,12/25/2013,2013,180,7.9
414,Batman Forever,5/31/1995,1995,121,5.2
563,Starship Troopers,11/6/1997,1997,129,6.7
83542,Cloud Atlas,10/26/2012,2012,172,6.6
41216,Legend of the Guardians The Owls of Ga Hoole,7/10/2010,2010,97,6.5
314,Catwoman,7/22/2004,2004,104,4.2
184315,Hercules,7/23/2014,2014,99,5.6
9016,Treasure Planet,11/26/2002,2002,95,7.2
18162,Land of the Lost,6/5/2009,2009,102,5.3
138103,The Expendables 3,8/4/2014,2014,127,6.1
257088,Point Break,12/3/2015,2015,114,5.5
10214,Son of the Mask,2/18/2005,2005,94,3.6
205775,In the Heart of the Sea,11/20/2015,2015,122,6.5
11692,The Adventures of Pluto Nash,8/15/2002,2002,95,4.4
22972,Green Zone,3/11/2010,2010,115,6.4
227973,The Peanuts Movie,11/5/2015,2015,88,6.5
29193,The Spanish Prisoner,9/8/1997,1997,110,7.1
1734,The Mummy Returns,4/28/2001,2001,130,6
3131,Gangs of New York,12/14/2002,2002,167,7.1
76758,The Flower of Wars,12/15/2011,2011,145,7.1
9408,Surfs Up,6/8/2007,2007,85,5.9
9890,The Stepford Wives,6/10/2004,2004,93,5.4
855,Black Hawk Down,12/28/2001,2001,144,7.2
77953,The Campaign,8/9/2012,2012,85,5.6
18,The Fifth Element,5/7/1997,1997,126,7.3
37786,Sex and the City 2,5/26/2010,2010,146,5.4
10501,The Road to El Dorado,3/31/2000,2000,89,7
57800,Ice Age Continental Drift,6/26/2012,2012,88,6.2
150689,Cinderella,3/12/2015,2015,105,6.7
7980,The Lovely Bones,12/26/2009,2009,136,6.6
12,Finding Nemo,5/30/2003,2003,100,7.6
122,The Lord of the Rings The Return of the King,12/1/2003,2003,201,8.1
121,The Lord of the Rings The Two Towers,12/18/2002,2002,179,8
68737,Seventh Son,12/12/2014,2014,102,5.2
1995,Lara Croft Tomb Raider,6/11/2001,2001,100,5.7
157353,Transcendence,4/16/2014,2014,119,5.9
331,Jurassic Park III,7/18/2001,2001,92,5.7
61791,Rise of the Planet of the Apes,8/3/2011,2011,105,7
8204,The Spiderwick Chronicles,2/14/2008,2008,95,6.3
47964,A Good Day to Die Hard,2/6/2013,2013,98,5.2
10733,The Alamo,4/7/2004,2004,137,5.8
9806,The Incredibles,11/5/2004,2004,115,7.4
1408,Cutthroat Island,12/22/1995,1995,119,5.7
32657,Percy Jackson and the Olympians The Lightning Thief,2/1/2010,2010,118,6
607,Men in Black,7/2/1997,1997,98,6.9
863,Toy Story 2,10/30/1999,1999,92,7.3
44048,Unstoppable,11/4/2010,2010,98,6.3
5175,Rush Hour 2,8/3/2001,2001,90,6.4
2655,What Lies Beneath,7/21/2000,2000,130,6.3
22794,Cloudy with a Chance of Meatballs,9/17/2009,2009,90,6.5
8355,Ice Age Dawn of the Dinosaurs,6/29/2009,2009,94,6.5
116745,The Secret Life of Walter Mitty,12/18/2013,2013,114,7
4327,Charlies Angels,11/2/2000,2000,98,5.6
1422,The Departed,10/5/2006,2006,151,7.9
10674,Mulan,6/18/1998,1998,88,7.6
7446,Tropic Thunder,8/9/2008,2008,107,6.5
65754,The Girl with the Dragon Tattoo,12/14/2011,2011,158,7.2
1572,Die Hard With a Vengeance,5/19/1995,1995,128,6.9
10528,Sherlock Holmes,12/23/2009,2009,128,7
271969,Ben Hur,8/17/2016,2016,125,5.3
10865,Atlantis The Lost Empire,6/2/2001,2001,95,6.7
258509,Alvin and the Chipmunks The Road Chip,12/17/2015,2015,92,5.8
2253,Valkyrie,12/25/2008,2008,121,6.7
10661,You Don t Mess with the Zohan,6/5/2008,2008,113,5.5
257344,Pixels,7/16/2015,2015,105,5.6
644,A I  Artificial Intelligence,6/29/2001,2001,146,6.8
10756,The Haunted Mansion,11/25/2003,2003,99,5.2
686,Contact,7/11/1997,1997,150,7.2
9383,Hollow Man,8/4/2000,2000,112,5.6
179,The Interpreter,4/8/2005,2005,128,6.2
76285,Percy Jackson Sea of Monsters,8/7/2013,2013,106,5.9
1996,Lara Croft Tomb Raider The Cradle of Life,7/21/2003,2003,117,5.5
291805,Now You See Me 2,6/2/2016,2016,129,6.7
10003,The Saint,4/3/1997,1997,116,5.9
1535,Spy Game,11/18/2001,2001,126,6.8
2067,Mission to Mars,3/10/2000,2000,114,5.7
46195,Rio,4/3/2011,2011,96,6.5
2277,Bicentennial Man,12/17/1999,1999,131,6.9
10357,Volcano,4/25/1997,1997,104,5.2
4477,The Devil s Own,3/12/1997,1997,107,5.9
8665,K 19 The Widowmaker,7/19/2002,2002,138,6.1
9387,Conan the Barbarian,4/2/1982,1982,129,6.6
921,Cinderella Man,6/2/2005,2005,144,7.3
49852,The Nutcracker The Untold Story,11/24/2010,2010,110,5.4
4464,Seabiscuit,7/22/2003,2003,141,6.7
664,Twister,5/10/1996,1996,113,6.1
8358,Cast Away,12/22/2000,2000,143,7.5
9836,Happy Feet,11/16/2006,2006,108,5.9
2502,The Bourne Supremacy,7/23/2004,2004,108,7.2
9772,Air Force One,7/25/1997,1997,124,6.2
161,Oceans Eleven,12/7/2001,2001,116,7.2
52451,The Three Musketeers,8/31/2011,2011,110,5.6
76492,Hotel Transylvania,9/20/2012,2012,91,6.8
4523,Enchanted,11/20/2007,2007,107,6.6
59961,Safe House,2/9/2012,2012,115,6.3
10481,102 Dalmatians,10/7/2000,2000,100,5.1
59108,Tower Heist,11/2/2011,2011,104,5.8
1581,The Holiday,12/8/2006,2006,136,6.7
9798,Enemy of the State,11/20/1998,1998,132,6.7
22897,Its Complicated,12/23/2009,2009,121,6.2
298,Ocean s Thirteen,6/7/2007,2007,122,6.5
7484,Open Season,9/29/2006,2006,83,6.1
157350,Divergent,3/14/2014,2014,139,6.9
853,Enemy at the Gates,3/13/2001,2001,131,7.2
10159,The Rundown,9/26/2003,2003,104,6.4
9593,Last Action Hero,6/18/1993,1993,130,6.1
1904,Memoirs of a Geisha,12/6/2005,2005,145,7.3
9615,The Fast and the Furious Tokyo Drift,6/3/2006,2006,104,6.1
51052,Arthur Christmas,2/22/2011,2011,97,6.7
297,Meet Joe Black,11/12/1998,1998,178,6.9
9884,Collateral Damage,2/6/2002,2002,108,5.5
16858,All That Jazz,12/20/1979,1979,123,7.3
62764,Mirror Mirror,3/15/2012,2012,106,5.5
22538,Scott Pilgrim vs  the World,7/27/2010,2010,112,7.2
9341,The Core,3/28/2003,2003,136,5.4
12107,Nutty Professor II The Klumps,7/27/2000,2000,106,4.7
9637,Scooby Doo,6/14/2002,2002,88,5.4
49049,Dredd,9/7/2012,2012,95,6.6
9339,Click,6/22/2006,2006,107,6
16281,Creepshow,11/12/1982,1982,120,6.7
39691,Cats  and Dogs 2  The Revenge of Kitty Galore,7/30/2010,2010,82,4.9
8247,Jumper,2/10/2008,2008,88,5.9
11253,Hellboy II The Golden Army,7/11/2008,2008,120,6.5
1949,Zodiac,3/2/2007,2007,157,7.3
8452,The 6th Day,11/17/2000,2000,123,5.7
310,Bruce Almighty,5/23/2003,2003,101,6.4
27578,The Expendables,8/3/2010,2010,103,6
954,Mission Impossible,5/22/1996,1996,110,6.7
70160,The Hunger Games,3/12/2012,2012,142,6.9
45243,The Hangover Part II,5/25/2011,2011,102,6.2
364,Batman Returns,6/19/1992,1992,126,6.6
7518,Over the Hedge,4/22/2006,2006,83,6.3
11544,Lilo  and Stitch,6/21/2002,2002,85,7.1
9986,Charlotte s Web,12/15/2006,2006,97,5.8
8656,Deep Impact,5/8/1998,1998,120,5.9
146216,RED 2,7/18/2013,2013,116,6.4
9291,The Longest Yard,5/19/2005,2005,113,6.2
55301,Alvin and the Chipmunks Chipwrecked,12/14/2011,2011,87,5.4
109418,Grown Ups 2,7/11/2013,2013,100,5.8
11665,Get Smart,6/19/2008,2008,110,6
6964,Somethings Gotta Give,12/12/2003,2003,128,6.3
11324,Shutter Island,2/18/2010,2010,138,7.8
12193,Four Christmases,11/26/2008,2008,88,5.3
9928,Robots,3/10/2005,2005,91,6
754,Face Off,6/27/1997,1997,138,6.8
10202,Bedtime Stories,12/24/2008,2008,99,5.9
4147,Road to Perdition,7/12/2002,2002,117,7.3
50546,Just Go with It,2/10/2011,2011,117,6.3
1701,Con Air,6/1/1997,1997,115,6.5
13027,Eagle Eye,9/25/2008,2008,118,6.3
2289,Cold Mountain,12/24/2003,2003,154,6.7
20504,The Book of Eli,1/14/2010,2010,118,6.6
9574,Flubber,11/26/1997,1997,93,5.3
11618,The Haunting,7/23/1999,1999,113,5.2
2300,Space Jam,11/15/1996,1996,88,6.5
12096,The Pink Panther,1/18/2006,2006,93,5.6
10200,The Day the Earth Stood Still,12/10/2008,2008,104,5.2
8834,Conspiracy Theory,8/7/1997,1997,135,6.5
228150,Fury,10/15/2014,2014,135,7.4
6068,Six Days Seven Nights,6/12/1998,1998,98,5.6
41515,Yogi Bear,12/11/2010,2010,80,5.2
9023,Spirit Stallion of the Cimarron,5/24/2002,2002,83,7.4
38317,Zookeeper,7/6/2011,2011,102,5.3
2157,Lost in Space,4/3/1998,1998,130,5
14462,The Manchurian Candidate,7/30/2004,2004,129,6.2
161795,Daja Vu,4/22/1998,1998,117,8
159824,Hotel Transylvania 2,9/21/2015,2015,89,6.7
49948,Fantasia 2000,12/17/1999,1999,74,7
2135,The Time Machine,3/4/2002,2002,96,5.8
9822,Mighty Joe Young,12/25/1998,1998,114,5.9
9705,Swordfish,6/7/2001,2001,99,6.1
1656,The Legend of Zorro,10/24/2005,2005,129,5.9
12159,What Dreams May Come,10/2/1998,1998,113,6.8
9678,Little Nicky,11/10/2000,2000,90,5.2
4442,The Brothers Grimm,8/26/2005,2005,118,5.6
75,Mars Attacks!,12/12/1996,1996,106,6.1
330770,Evolution,9/14/2015,2015,81,6.4
9433,The Edge,9/6/1997,1997,117,6.7
19959,Surrogates,9/24/2009,2009,89,5.9
11973,Thirteen Days,12/24/2000,2000,145,6.9
11228,Daylight,12/6/1996,1996,115,5.8
77951,Walking With Dinosaurs,12/18/2013,2013,87,5.2
5491,Battlefield Earth,5/10/2000,2000,118,3
10715,Looney Tunes Back in Action,11/14/2003,2003,90,5.6
10197,Nine,12/3/2009,2009,112,5.1
9562,Timeline,11/26/2003,2003,116,5.4
9922,The Postman,12/25/1997,1997,177,6.1
9447,Babe Pig in the City,11/25/1998,1998,92,5.2
274854,The Last Witch Hunter,10/21/2015,2015,106,5.7
8870,Red Planet,11/10/2000,2000,106,5.4
9992,Arthur et les Minimoys,12/13/2006,2006,94,6
36970,Oceans,10/17/2009,2009,84,7.3
10077,A Sound of Thunder,5/15/2005,2005,110,4.8
76649,Pompeii,2/18/2014,2014,105,5.2
293644,Don Gato El inicio de la pandilla,10/30/2015,2015,89,5.3
453,A Beautiful Mind,12/11/2001,2001,135,7.7
8587,The Lion King,6/23/1994,1994,89,8
72545,Journey 2 The Mysterious Island,1/19/2012,2012,94,5.8
109451,Cloudy with a Chance of Meatballs 2,9/26/2013,2013,95,6.4
9533,Red Dragon,9/29/2002,2002,124,6.7
2023,Hidalgo,3/5/2004,2004,136,6.5
71880,Jack and Jill,11/11/2011,2011,91,4.1
584,Fast and Furious,6/5/2003,2003,107,6.2
309809,The Little Prince,7/29/2015,2015,92,7.6
4858,The Invasion,8/17/2007,2007,99,5.7
17711,The Adventures of Rocky and Bullwinkle,6/30/2000,2000,88,3.9
328111,The Secret Life of Pets,6/18/2016,2016,87,5.9
8698,The League of Extraordinary Gentlemen,7/11/2003,2003,110,5.7
93456,Despicable Me 2,6/25/2013,2013,98,7
602,Independence Day,6/25/1996,1996,145,6.7
330,The Lost World Jurassic Park,5/23/1997,1997,129,6.2
953,Madagascar,5/25/2005,2005,86,6.6
9693,Children of Men,9/22/2006,2006,109,7.4
36657,X Men,7/13/2000,2000,104,6.8
8909,Wanted,6/19/2008,2008,110,6.4
9802,The Rock,6/6/1996,1996,136,6.9
950,Ice Age The Meltdown,3/23/2006,2006,91,6.5
1824,50 First Dates,2/13/2004,2004,99,6.6
2976,Hairspray,7/13/2007,2007,117,6.5
11026,Exorcist The Beginning,8/20/2004,2004,114,4.7
332,Inspector Gadget,7/23/1999,1999,78,4.3
75656,Now You See Me,5/29/2013,2013,115,7.3
38365,Grown Ups,6/24/2010,2010,102,6
594,The Terminal,6/17/2004,2004,128,7
15189,Hotel for Dogs,1/16/2009,2009,100,5.7
11678,Vertical Limit,12/8/2000,2000,124,5.9
6538,Charlie Wilson s War,12/19/2007,2007,102,6.5
10555,Shark Tale,9/20/2004,2004,90,5.8
1125,Dreamgirls,12/25/2006,2006,134,6.6
4551,Be Cool,3/4/2005,2005,118,5.4
612,Munich,12/22/2005,2005,164,6.9
9567,Tears of the Sun,3/7/2003,2003,121,6.4
37821,Killers,6/4/2010,2010,100,5.7
203801,The Man from U N C L E ,8/13/2015,2015,116,7.1
2539,Spanglish,12/17/2004,2004,130,5.8
9297,Monster House,7/21/2006,2006,91,6.3
3172,Bandits,10/12/2001,2001,123,6.2
6520,First Knight,7/7/1995,1995,134,5.9
1439,Anna and the King,12/16/1999,1999,148,6.4
37958,Immortals,11/10/2011,2011,110,5.7
2026,Hostage,3/9/2005,2005,113,6.2
7450,Titan A E ,6/16/2000,2000,94,6.3
11375,Hollywood Homicide,6/9/2003,2003,116,5
9425,Soldier,10/23/1998,1998,99,6.1
25769,Carriers,9/4/2009,2009,84,5.8
23685,Monkeybone,2/23/2001,2001,93,4.3
11866,Flight of the Phoenix,12/17/2004,2004,113,5.7
9741,Unbreakable,11/13/2000,2000,106,6.9
211672,Minions,6/17/2015,2015,91,6.4
23629,Sucker Punch,3/24/2011,2011,110,5.9
8688,Snake Eyes,8/7/1998,1998,98,5.8
10153,Sphere,2/13/1998,1998,134,5.8
153518,The Angry Birds Movie,5/11/2016,2016,97,5.9
8676,Fool s Gold,2/7/2008,2008,112,5.4
20829,Funny People,7/31/2009,2009,146,5.7
4349,The Kingdom,8/22/2007,2007,110,6.5
9718,Talladega Nights The Ballad of Ricky Bobby,8/4/2006,2006,116,6.2
10808,Dr  Dolittle 2,6/22/2001,2001,87,4.9
197,Braveheart,5/24/1995,1995,177,7.7
25,Jarhead,11/4/2005,2005,125,6.6
35,The Simpsons Movie,7/25/2007,2007,87,6.9
11086,The Majestic,12/21/2001,2001,152,6.6
10477,Driven,4/27/2001,2001,116,4.5
1997,Deux fils,4/7/2004,2004,109,6.9
6947,The Village,7/30/2004,2004,108,6.2
3050,Doctor Dolittle,6/22/1998,1998,85,5.4
2675,Signs,8/2/2002,2002,106,6.4
809,Shrek 2,5/19/2004,2004,93,6.7
920,Cars,6/8/2006,2006,117,6.6
4806,Runaway Bride,7/30/1999,1999,116,5.7
7451,xXx,8/9/2002,2002,124,5.8
228165,The SpongeBob Movie Sponge Out of Water,2/5/2015,2015,93,5.8
3595,Ransom,11/8/1996,1996,117,6.4
16869,Inglourious Basterds,8/18/2009,2009,153,7.9
879,Hook,12/11/1991,1991,144,6.6
1573,Die Hard 2,7/2/1990,1990,124,6.6
9257,S W A T ,8/8/2003,2003,117,5.8
1903,Vanilla Sky,12/10/2001,2001,136,6.5
9697,Lady in the Water,7/21/2006,2006,110,5.3
395,AVP Alien vs  Predator,8/12/2004,2004,101,5.5
23398,Alvin and the Chipmunks The Squeakquel,12/21/2009,2009,88,5.4
10590,We Were Soldiers,3/1/2002,2002,138,6.7
117263,Olympus Has Fallen,3/20/2013,2013,120,6.2
200,Star Trek Insurrection,12/10/1998,1998,103,6.3
44943,Battle Los Angeles,3/8/2011,2011,116,5.5
587,Big Fish,12/25/2003,2003,125,7.6
10395,Wolf,6/17/1994,1994,125,6
57212,War Horse,12/25/2011,2011,146,7
152760,The Monuments Men,1/24/2014,2014,118,5.8
2756,The Abyss,8/9/1989,1989,139,7.1
33909,Wall Street Money Never Sleeps,9/2/2010,2010,133,5.8
49017,Dracula Untold,10/1/2014,2014,92,6.2
9882,The Siege,11/6/1998,1998,116,6
2270,Stardust,8/9/2007,2007,127,7.1
978,Seven Years in Tibet,9/12/1997,1997,136,7
44564,The Dilemma,1/13/2011,2011,111,5.2
3132,Bad Company,6/7/2002,2002,116,5.4
8814,Doom,10/20/2005,2005,105,5
8427,I Spy,10/31/2002,2002,97,5.2
52520,Underworld Awakening,1/19/2012,2012,88,6.1
80585,Rock of Ages,6/13/2012,2012,123,6
10592,Hart s War,2/15/2002,2002,125,5.9
49021,Killer Elite,9/23/2011,2011,116,6.1
11535,Rollerball,2/8/2002,2002,98,3.4
10550,Ballistic Ecks vs  Sever,9/20/2002,2002,91,4.3
11258,Hard Rain,1/16/1998,1998,97,5.5
12610,Osmosis Jones,8/7/2001,2001,95,5.9
59981,Legends of Oz Dorothy s Return,6/13/2013,2013,88,5.9
201088,Blackhat,1/13/2015,2015,133,5.1
5137,Sky Captain and the World of Tomorrow,9/17/2004,2004,107,5.7
3093,Basic Instinct 2,3/29/2006,2006,114,4.6
107846,Escape Plan,10/9/2013,2013,115,6.7
188207,The Legend of Hercules,1/10/2014,2014,99,4.4
4614,The Sum of All Fears,5/31/2002,2002,124,5.9
24021,The Twilight Saga Eclipse,6/23/2010,2010,124,5.8
11371,The Score,7/13/2001,2001,124,6.7
20352,Despicable Me,7/8/2010,2010,95,7.1
11517,Money Train,11/21/1995,1995,103,5.4
214756,Ted 2,6/25/2015,2015,115,6.2
26428,Agora,5/17/2009,2009,127,6.9
9824,Mystery Men,8/6/1999,1999,121,5.7
48988,Hall Pass,2/25/2011,2011,105,5.4
9008,The Insider,10/28/1999,1999,157,7.3
300673,The Finest Hours,1/25/2016,2016,114,6.3
12113,Body of Lies,10/10/2008,2008,128,6.5
38778,Dinner for Schmucks,7/30/2010,2010,114,5.5
72331,Abraham Lincoln Vampire Hunter,6/20/2012,2012,94,5.5
1844,Entrapment,4/29/1999,1999,112,6
846,The X Files,6/19/1998,1998,121,6.6
9703,The Last Legion,4/19/2007,2007,102,5
857,Saving Private Ryan,7/24/1998,1998,169,7.9
136797,Need for Speed,3/13/2014,2014,130,6.1
3981,What Women Want,12/15/2000,2000,127,6.1
425,Ice Age,3/10/2002,2002,81,7.1
6171,Dreamcatcher,3/21/2003,2003,136,5.3
72976,Lincoln,11/9/2012,2012,149,6.7
603,The Matrix,3/30/1999,1999,136,7.9
568,Apollo 13,6/30/1995,1995,140,7.3
9021,The Santa Clause 2,10/31/2002,2002,104,5.5
82695,Les Miserables,12/18/2012,2012,157,7.1
9489,Youve Got Mail,12/17/1998,1998,119,6.3
12133,Step Brothers,7/25/2008,2008,98,6.5
9342,The Mask of Zorro,7/16/1998,1998,136,6.3
41733,Due Date,11/4/2010,2010,95,6.2
227306,Unbroken,12/25/2014,2014,137,7.3
5551,Space Cowboys,7/31/2000,2000,130,6.3
9350,Cliffhanger,5/28/1993,1993,112,6.1
9208,Broken Arrow,2/9/1996,1996,108,5.7
4244,The Kid,7/7/2000,2000,104,6
1852,World Trade Center,8/9/2006,2006,128,5.9
11820,Mona Lisa Smile,12/19/2003,2003,117,6.5
76493,The Dictator,5/15/2012,2012,83,5.9
345,Eyes Wide Shut,7/14/1999,1999,159,7.1
196867,Annie,12/19/2014,2014,119,6
256591,Focus,2/25/2015,2015,105,6.7
59962,This Means War,2/14/2012,2012,103,5.9
36648,Blade Trinity,12/8/2004,2004,123,5.7
1880,Red Dawn,8/10/1984,1984,114,6.4
9440,Primary Colors,3/20/1998,1998,143,6.1
71679,Resident Evil Retribution,9/12/2012,2012,95,5.6
10483,Death Race,8/22/2008,2008,105,6
11412,The Long Kiss Goodnight,10/11/1996,1996,120,6.5
11983,Proof of Life,12/8/2000,2000,135,6
6795,Zathura A Space Adventure,11/6/2005,2005,101,6.1
550,Fight Club,10/15/1999,1999,139,8.3
11170,We Are Marshall,12/12/2006,2006,124,6.7
9292,Hudson Hawk,5/23/1991,1991,100,5.4
10783,Lucky Numbers,10/27/2000,2000,105,4.9
100241,I  Frankenstein,1/22/2014,2014,92,5
257,Oliver Twist,9/23/2005,2005,130,6.7
9947,Elektra,1/13/2005,2005,97,4.8
189,Sin City A Dame to Kill For,8/20/2014,2014,102,6.3
12618,Random Hearts,10/8/1999,1999,133,5.3
253412,Everest,9/10/2015,2015,121,6.7
1427,Perfume The Story of a Murderer,9/13/2006,2006,147,7.1
818,Austin Powers in Goldmember,7/26/2002,2002,94,5.9
16577,Astro Boy,10/15/2009,2009,94,6.1
329,Jurassic Park,6/11/1993,1993,127,7.6
12160,Wyatt Earp,6/24/1994,1994,191,6.5
9331,Clear and Present Danger,8/3/1994,1994,141,6.4
300168,Dragon Blade,2/19/2015,2015,127,5.9
9072,Little Man,8/31/2006,2006,98,5.3
3536,U 571,4/20/2000,2000,116,6.1
9087,The American President,11/17/1995,1995,106,6.5
12177,The Love Guru,6/20/2008,2008,87,4.3
12138,3000 Miles to Graceland,2/23/2001,2001,125,5.8
273248,The Hateful Eight,12/25/2015,2015,167,7.6
9955,Blades of Glory,3/30/2007,2007,93,5.9
50359,Hop,3/30/2011,2011,95,5.5
1271,300,12/9/2006,2006,117,7
693,Meet the Fockers,12/22/2004,2004,115,6.1
14306,Marley  and Me,12/25/2008,2008,115,6.9
497,The Green Mile,12/10/1999,1999,189,8.2
11199,Wild Hogs,3/2/2007,2007,100,5.6
9982,Chicken Little,11/4/2005,2005,81,5.6
210577,Gone Girl,10/1/2014,2014,145,7.9
2501,The Bourne Identity,6/14/2002,2002,119,7.3
710,GoldenEye,11/16/1995,1995,130,6.6
2275,The General s Daughter,6/18/1999,1999,116,6.1
37165,The Truman Show,6/4/1998,1998,103,7.8
9837,The Prince of Egypt,12/15/1998,1998,99,6.8
10708,Daddy Day Care,5/3/2003,2003,92,5.6
136400,2 Guns,8/2/2013,2013,109,6.6
10992,Cats  and Dogs,7/4/2001,2001,87,5
9654,The Italian Job,5/30/2003,2003,110,6.6
2642,Two Weeks Notice,12/19/2002,2002,101,5.9
8916,Antz,10/2/1998,1998,83,6
19899,Couples Retreat,9/19/2009,2009,113,5.3
2119,Days of Thunder,6/27/1990,1990,107,5.9
9641,Cheaper by the Dozen 2,12/21/2005,2005,94,5.7
294254,Maze Runner The Scorch Trials,9/9/2015,2015,132,6.4
38167,Eat Pray Love,8/12/2010,2010,133,5.8
5994,The Family Man,12/12/2000,2000,125,6.5
39514,RED,10/13/2010,2010,111,6.6
9563,Any Given Sunday,12/16/1999,1999,163,6.8
547,The Horse Whisperer,5/14/1998,1998,170,6.7
1538,Collateral,8/4/2004,2004,120,7
9334,The Scorpion King,4/16/2002,2002,92,5.3
11128,Ladder 49,10/1/2004,2004,115,6.2
75780,Jack Reacher,12/20/2012,2012,130,6.3
8914,Deep Blue Sea,7/28/1999,1999,105,5.6
13576,Michael Jacksons This Is It,10/28/2009,2009,111,6.7
39538,Contagion,9/8/2011,2011,106,6.2
10628,Kangaroo Jack,1/17/2003,2003,89,4.3
14836,Coraline,2/5/2009,2009,100,7.3
8645,The Happening,6/11/2008,2008,91,4.9
9509,Man on Fire,4/23/2004,2004,146,7.3
10067,The Shaggy Dog,3/9/2006,2006,98,4.5
9384,Starsky and Hutch,3/5/2004,2004,101,5.6
9279,Jingle All the Way,11/15/1996,1996,89,5.5
1487,Hellboy,4/2/2004,2004,122,6.5
9422,A Civil Action,3/5/1998,1998,115,6.1
77174,ParaNorman,8/3/2012,2012,90,6.7
4824,The Jackal,11/14/1997,1997,124,6.1
9620,Paycheck,12/25/2003,2003,119,5.9
9302,Up Close  and Personal,3/1/1996,1996,119,5.9
10199,The Tale of Despereaux,12/19/2008,2008,93,5.8
10771,The Tuxedo,9/27/2002,2002,98,5.3
3512,Under Siege 2 Dark Territory,7/13/1995,1995,100,5.6
137094,Jack Ryan Shadow Recruit,1/15/2014,2014,105,5.9
274479,Joy,12/24/2015,2015,124,6.4
267860,London Has Fallen,3/2/2016,2016,99,5.8
8078,Alien Resurrection,11/12/1997,1997,109,5.9
7485,Shooter,3/22/2007,2007,124,6.9
170687,The Boxtrolls,9/10/2014,2014,97,6.6
6435,Practical Magic,10/16/1998,1998,104,6.3
137106,The Lego Movie,2/6/2014,2014,100,7.5
10040,Miss Congeniality 2 Armed and Fabulous,3/11/2005,2005,115,5.3
6278,Reign of Fire,7/12/2002,2002,101,6
82682,Gangster Squad,1/10/2013,2013,113,6.2
17610,Year One,6/18/2009,2009,97,4.6
22954,Invictus,12/10/2009,2009,134,7
16995,State of Play,4/17/2009,2009,127,6.7
16558,Duplicity,3/19/2009,2009,125,5.7
9849,My Favorite Martian,2/11/1999,1999,94,5.1
5820,The Sentinel,4/19/2006,2006,108,5.8
16866,Planet 51,11/19/2009,2009,91,5.6
201,Star Trek Nemesis,12/13/2002,2002,117,6.1
11775,Intolerable Cruelty,9/2/2003,2003,100,5.8
87825,Trouble with the Curve,9/21/2012,2012,111,6.6
12201,Edge of Darkness,1/29/2010,2010,117,6.2
11015,The Relic,1/10/1997,1997,110,5.8
9932,Analyze That,12/6/2002,2002,96,5.7
13389,Righteous Kill,9/11/2008,2008,101,5.9
8838,Mercury Rising,4/3/1998,1998,111,6
17332,The Soloist,4/24/2009,2009,109,6.6
4958,The Legend of Bagger Vance,11/2/2000,2000,126,6.3
786,Almost Famous,9/15/2000,2000,122,7.4
9513,Garfield A Tail of Two Kitties,6/15/2006,2006,78,5.1
11679,xXx State of the Union,4/27/2005,2005,101,4.7
38321,Priest,5/5/2011,2011,87,5.4
14411,Sinbad Legend of the Seven Seas,7/2/2003,2003,86,6.6
8413,Event Horizon,8/15/1997,1997,96,6.5
10052,Dragonfly,2/22/2002,2002,104,6.1
9676,The Black Dahlia,9/15/2006,2006,121,5.7
9664,Flyboys,9/22/2006,2006,140,6.3
2100,The Last Castle,10/19/2001,2001,131,7
10384,Supernova,1/14/2000,2000,91,4.9
137321,Winters Tale,2/13/2014,2014,118,6
123553,The Mortal Instruments City of Bones,8/21/2013,2013,130,6.2
11260,Meet Dave,7/8/2008,2008,90,5
9009,Dark Water,6/27/2005,2005,105,5.3
11374,Edtv,3/26/1999,1999,122,5.7
2309,Inkheart,12/11/2008,2008,106,6
8285,The Spirit,12/25/2008,2008,103,4.7
210860,Mortdecai,1/21/2015,2015,106,5.4
2312,In the Name of the King A Dungeon Siege Tale,11/29/2007,2007,127,4.1
9839,Beyond Borders,10/23/2003,2003,127,6.7
381902,The Monkey King 2,1/22/2016,2016,120,6
13922,The Great Raid,8/12/2005,2005,132,6.8
293660,Deadpool,2/9/2016,2016,108,7.4
9713,Holy Man,10/8/1998,1998,114,4.9
190859,American Sniper,12/11/2014,2014,133,7.4
257445,Goosebumps,8/5/2015,2015,103,6.2
9007,Just Like Heaven,9/16/2005,2005,95,6.5
889,The Flintstones in Viva Rock Vegas,4/28/2000,2000,90,4.4
1370,Rambo III,5/24/1988,1988,102,5.7
4942,Leatherheads,3/24/2008,2008,114,5.7
347969,The Ridiculous 6,12/11/2015,2015,119,4.9
24438,Did You Hear About the Morgans,12/17/2009,2009,103,5.1
116741,The Internship,6/7/2013,2013,119,6.1
35791,Resident Evil Afterlife,9/9/2010,2010,97,5.8
72431,Red Tails,1/19/2012,2012,125,5.9
1813,The Devil s Advocate,10/17/1997,1997,144,7.2
87428,Thats My Boy,6/14/2012,2012,116,5.5
8840,DragonHeart,5/31/1996,1996,103,6.4
10589,After the Sunset,11/12/2004,2004,97,6
71676,Ghost Rider Spirit of Vengeance,12/10/2011,2011,95,4.7
1722,Captain Corelli s Mandolin,8/17/2001,2001,131,5.5
10022,The Pacifier,3/4/2005,2005,95,5.8
11358,Walking Tall,4/2/2004,2004,86,6
13,Forrest Gump,7/6/1994,1994,142,8.2
6477,Alvin and the Chipmunks,12/13/2007,2007,92,5.5
1597,Meet the Parents,10/6/2000,2000,108,6.6
10530,Pocahontas,6/14/1995,1995,81,6.7
1924,Superman,12/13/1978,1978,143,6.9
9327,The Nutty Professor,6/26/1996,1996,95,5.4
8488,Hitch,2/10/2005,2005,118,6.4
10603,George of the Jungle,7/15/1997,1997,92,5.4
8273,American Wedding,8/1/2003,2003,103,6
109424,Captain Phillips,10/10/2013,2013,134,7.6
35056,Date Night,4/8/2010,2010,97,5.9
8839,Casper,5/26/1995,1995,100,6
156022,The Equalizer,9/24/2014,2014,132,7.1
7303,Maid in Manhattan,12/13/2002,2002,105,5.6
8963,Crimson Tide,5/12/1995,1995,116,7
1402,The Pursuit of Happyness,12/14/2006,2006,117,7.7
9315,Flightplan,9/22/2005,2005,98,6.1
8984,Disclosure,12/9/1994,1994,123,5.9
795,City of Angels,4/10/1998,1998,114,6.4
24,Kill Bill Vol  1,10/10/2003,2003,111,7.7
11353,Bowfinger,8/12/1999,1999,97,6
393,Kill Bill Vol  2,4/16/2004,2004,136,7.6
9618,Tango  and Cash,12/22/1989,1989,104,6.1
9374,Death Becomes Her,7/30/1992,1992,104,6.3
8584,Shanghai Noon,5/26/2000,2000,110,6.2
2320,Executive Decision,3/15/1996,1996,133,5.8
58224,Mr  Poppers Penguins,6/17/2011,2011,94,5.7
1729,The Forbidden Kingdom,4/18/2008,2008,104,6.3
175574,Free Birds,10/30/2013,2013,91,5.7
8077,Alien,5/22/1992,1992,114,6.2
8818,Evita,12/14/1996,1996,134,5.9
8195,Ronin,9/25/1998,1998,122,6.7
10586,The Ghost and the Darkness,10/11/1996,1996,109,6.4
116149,Paddington,11/27/2014,2014,95,7
80035,The Watch,7/26/2012,2012,98,5.3
10632,The Hunted,3/11/2003,2003,94,6
12117,Instinct,6/4/1999,1999,126,6.2
1792,Stuck on You,12/10/2003,2003,118,5.1
13260,Semi Pro,2/28/2008,2008,91,5.4
72197,The Pirates In an Adventure with Scientists,3/12/2012,2012,88,6.4
3580,Changeling,1/30/2008,2008,141,7.3
12123,Chain Reaction,8/2/1996,1996,107,5.3
9566,The Fan,8/15/1996,1996,116,5.7
9833,The Phantom of the Opera,12/8/2004,2004,143,7
4517,Elizabeth The Golden Age,9/9/2007,2007,114,6.6
8202,Ion Flux,11/30/2005,2005,93,5.4
16072,Gods and Generals,2/21/2003,2003,214,6.1
34314,Turbulence,1/9/1997,1997,100,5.2
19724,Imagine That,6/19/2009,2009,107,5.7
145220,Muppets Most Wanted,3/20/2014,2014,112,6.2
14623,Thunderbirds,7/23/2004,2004,95,4.2
42297,Burlesque,11/23/2010,2010,119,6.9
2841,Un long dimanche de fianailles,10/26/2004,2004,133,7.1
802,Lolita,6/13/1962,1962,153,7.3
10375,D Tox,1/4/2002,2002,96,5.3
36586,Blade II,3/22/2002,2002,117,6.2
11321,Seven Pounds,12/18/2008,2008,123,7.5
70074,Bullet to the Head,1/31/2013,2013,92,5.2
242,The Godfather Part III,12/24/1990,1990,162,7.1
9621,Elizabethtown,10/6/2005,2005,123,6.1
1819,You  Me and Dupree,7/14/2006,2006,108,5.4
8536,Superman II,12/4/1980,1980,127,6.5
8046,Gigli,8/1/2003,2003,121,3.5
1717,All the King s Men,9/10/2006,2006,125,5.7
479,Shaft,6/15/2000,2000,99,5.5
9444,Anastasia,11/20/1997,1997,94,7.4
824,Moulin Rouge!,3/9/2001,2001,127,7.4
11456,Domestic Disturbance,10/30/2001,2001,89,5.4
261023,Black Mass,9/4/2015,2015,122,6.3
3683,Flags of Our Fathers,10/18/2006,2006,132,6.7
22803,Law Abiding Citizen,10/15/2009,2009,109,7.2
285923,Grindhouse,4/6/2007,2007,191,6.8
39437,Beloved,10/16/1998,1998,172,5.9
1950,Lucky You,5/1/2007,2007,124,5.4
640,Catch Me If You Can,12/25/2002,2002,141,7.7
97630,Zero Dark Thirty,12/19/2012,2012,157,6.7
9767,The Break Up,6/1/2006,2006,106,5.6
11631,Mamma Mia!,7/3/2008,2008,108,6.4
32856,Valentine s Day,2/10/2010,2010,125,5.7
6519,The Dukes of Hazzard,8/5/2005,2005,104,5.1
8741,The Thin Red Line,12/25/1998,1998,170,7.2
49520,The Change Up,8/5/2011,2011,112,5.9
1850,Man on the Moon,12/22/1999,1999,118,6.9
524,Casino,11/22/1995,1995,178,7.8
26389,From Paris with Love,2/5/2010,2010,92,6.1
11817,Bulletproof Monk,3/28/2003,2003,104,5.1
2123,Me  Myself  and Irene,6/22/2000,2000,116,6.1
9907,Barnyard,8/4/2006,2006,90,5.3
9969,Deck the Halls,11/22/2006,2006,93,5.1
18239,The Twilight Saga New Moon,3/15/2009,2009,130,5.6
808,Shrek,5/16/2001,2001,90,7.3
38050,The Adjustment Bureau,3/3/2011,2011,106,6.5
8367,Robin Hood Prince of Thieves,6/14/1991,1991,143,6.6
9390,Jerry Maguire,12/6/1996,1996,139,6.7
72105,Ted,6/29/2012,2012,106,6.3
2898,As Good as It Gets,12/19/1997,1997,139,7.2
10312,Patch Adams,12/25/1998,1998,115,7
109443,Anchorman 2 The Legend Continues,12/18/2013,2013,119,6
2022,Mr  Deeds,6/28/2002,2002,96,5.6
37686,Super 8,6/8/2011,2011,112,6.6
462,Erin Brockovich,3/17/2000,2000,131,7.1
9919,How to Lose a Guy in 10 Days,2/7/2003,2003,116,6.3
187017,22 Jump Street,6/5/2014,2014,112,7
628,Interview with the Vampire,11/11/1994,1994,123,7.2
10201,Yes Man,12/9/2008,2008,104,6.4
302699,Central Intelligence,6/15/2016,2016,107,6.2
9441,Stepmom,12/25/1998,1998,124,6.9
274167,Daddy s Home,12/25/2015,2015,96,5.8
224141,Into the Woods,12/25/2014,2014,125,5.6
388,Inside Man,3/23/2006,2006,129,7.3
2112,Payback,2/5/1999,1999,100,6.7
10329,Congo,6/9/1995,1995,109,5
74465,We Bought a Zoo,12/22/2011,2011,124,6.5
13811,Knowing,3/19/2009,2009,121,5.9
6877,Failure to Launch,3/10/2006,2006,97,5.5
10320,The Ring Two,3/17/2005,2005,110,5.4
50646,Crazy  Stupid  Love ,7/29/2011,2011,118,7
8920,Garfield,6/10/2004,2004,80,5.2
13673,Christmas with the Kranks,11/24/2004,2004,99,5.2
60308,Moneyball,9/22/2011,2011,133,7
6950,Outbreak,3/10/1995,1995,127,6.3
225574,Non Stop,1/26/2014,2014,106,6.8
13836,Race to Witch Mountain,3/12/2009,2009,98,5.5
752,V for Vendetta,3/15/2006,2006,132,7.7
6038,Shanghai Knights,2/6/2003,2003,115,6
9975,Curious George,2/10/2006,2006,86,6.2
11451,Herbie Fully Loaded,6/22/2005,2005,101,5.1
12103,Dont Say a Word,9/28/2001,2001,113,6
60304,Hansel  and Gretel Witch Hunters,1/17/2013,2013,88,5.7
2251,Unfaithful,5/10/2002,2002,124,6.3
46529,I Am Number Four,2/18/2011,2011,109,5.9
231,Syriana,11/23/2005,2005,128,6.3
300671,13 Hours The Secret Soldiers of Benghazi,1/13/2016,2016,144,7
228326,The Book of Life,10/1/2014,2014,95,7.3
9754,Firewall,2/10/2006,2006,105,5.6
66,Absolute Power,2/14/1997,1997,121,6.4
4421,G I  Jane,8/22/1997,1997,125,6
2649,The Game,9/12/1997,1997,129,7.5
588,Silent Hill,4/21/2006,2006,125,6.3
10393,The Replacements,8/7/2000,2000,118,6.1
71552,American Reunion,4/4/2012,2012,113,6.1
9631,The Negotiator,7/29/1998,1998,140,6.8
216282,Into the Storm,8/6/2014,2014,89,5.8
306,Beverly Hills Cop III,5/24/1994,1994,104,5.5
928,Gremlins 2 The New Batch,6/15/1990,1990,106,6.2
205587,The Judge,10/8/2014,2014,141,7.2
6623,The Peacemaker,9/26/1997,1997,124,5.8
1577,Resident Evil Apocalypse,9/10/2004,2004,94,6.1
9801,Bridget Jones The Edge of Reason,11/10/2004,2004,108,6.1
2116,Out of Time,10/3/2003,2003,105,6.1
9624,On Deadly Ground,2/18/1994,1994,102,4.5
14199,The Adventures of Sharkboy and Lavagirl,6/10/2005,2005,92,4.4
1907,The Beach,2/11/2000,2000,119,6.3
4599,Raising Helen,5/27/2004,2004,119,5.9
22832,Ninja Assassin,9/29/2009,2009,99,6.2
10390,For Love of the Game,9/17/1999,1999,137,6.3
9879,Striptease,6/28/1996,1996,115,4.4
38579,Marmaduke,6/4/2010,2010,87,5
44603,Hereafter,10/15/2010,2010,129,5.8
11892,Murder by Numbers,4/19/2002,2002,120,6
9691,Assassins,10/6/1995,1995,132,6
1248,Hannibal Rising,2/6/2007,2007,121,6
12220,The Story of Us,10/13/1999,1999,95,5.9
72710,The Host,3/22/2013,2013,125,6
10782,Basic,4/18/2003,2003,98,6.2
9573,Blood Work,8/4/2002,2002,110,6.1
4959,The International,2/3/2009,2009,118,6
10061,Escape from L A ,8/9/1996,1996,97,5.6
10386,The Iron Giant,8/6/1999,1999,86,7.6
421,The Life Aquatic with Steve Zissou,12/10/2004,2004,119,7.1
316152,Free State of Jones,6/24/2016,2016,139,6.6
11615,The Life of David Gale,2/21/2003,2003,130,7.3
13498,Man of the House,2/25/2005,2005,100,5.4
241554,Run All Night,3/11/2015,2015,114,6.3
2252,Eastern Promises,9/14/2007,2007,100,7.2
11968,Into the Blue,9/30/2005,2005,110,5.8
10047,Joan of Arc,10/18/1999,1999,148,6.2
38319,Your Highness,4/8/2011,2011,102,5.2
69668,Dream House,9/30/2011,2011,84,5.8
9770,Mad City,11/7/1997,1997,114,5.9
11212,Baby s Day Out,7/1/1994,1994,99,5.8
10533,The Scarlet Letter,10/13/1995,1995,135,5.5
38363,Fair Game,5/20/2010,2010,108,6.5
9923,Domino,9/22/2005,2005,127,6
11863,Jade,10/13/1995,1995,95,5.2
18501,Gamer,9/3/2009,2009,95,5.6
109491,Beautiful Creatures,2/13/2013,2013,124,5.6
9275,Death to Smoochy,3/28/2002,2002,109,5.9
329833,Zoolander 2,2/6/2016,2016,100,4.7
12634,The Big Bounce,1/30/2004,2004,88,5
10416,What Planet Are You From,3/3/2000,2000,105,5.4
47327,Drive Angry,2/24/2011,2011,105,5.3
15268,Street Fighter The Legend of Chun Li,2/27/2009,2009,97,3.9
10796,The One,11/2/2001,2001,87,5.7
9548,The Adventures of Ford Fairlane,7/11/1990,1990,104,6.2
18947,The Boat That Rocked,4/1/2009,2009,116,7.2
1900,Traffic,12/27/2000,2000,147,6.9
89,Indiana Jones and the Last Crusade,5/24/1989,1989,127,7.6
96724,Anna Karenina,9/6/2012,2012,130,6.5
198184,Chappie,3/4/2015,2015,120,6.6
9481,The Bone Collector,11/4/1999,1999,118,6.5